[{"nome":"c","email":"c@c.com","senha":"c","token":"fc60767c-6665-4b2a-864d-00eaa46e7413","saldo":0.0,"limiteCartao":1000.0,"transacoes":[]},{"nome":"rafael stumm","email":"rafael@gmail.com","senha":"123456","cpf":"12345678910","dataNascimento":"2006-07-24T00:00:00.000Z","token":"b91496ea-0799-441a-b6e0-16fce9f15ed1","saldo":57639.0,"limiteCartao":17130.0,"transacoes":[{"descricao":"Depósito","valor":300.0},{"descricao":"Depósito","valor":101.0},{"descricao":"Depósito","valor":298.0},{"descricao":"Depósito","valor":32.0},{"descricao":"Depósito","valor":12.0},{"descricao":"conta de agua","valor":-150.0},{"descricao":"tenis","valor":-230.0},{"descricao":"Depósito","valor":400.0},{"descricao":"Depósito","valor":70056.0},{"descricao":"ar condicionado","valor":-4000.0},{"descricao":"Depósito","valor":10.0},{"descricao":"Depósito","valor":10000.0},{"descricao":"teste1","valor":-1.0},{"descricao":"teste2","valor":-1.0},{"descricao":"Transferência para nubiafcarpes@gmail.com","valor":-1000.0},{"descricao":"putaria","valor":-6969.0},{"descricao":"Depósito","valor":1000.0},{"descricao":"Transferência para nubiafcarpes@gmail.com","valor":-10000.0},{"descricao":"ar condicionado","valor":-5000.0},{"descricao":"conta de agua","valor":-300.0},{"descricao":"Depósito","valor":899.0},{"descricao":"Transferência para nubiafcarpes@gmail.com","valor":-8900.0},{"descricao":"ar condicionado","valor":-900.0},{"descricao":"teste1","valor":-888.0}]},{"nome":"Nubia","email":"nubiafcarpes@gmail.com","senha":"123456","cpf":"67784020082","dataNascimento":"1973-12-22T00:00:00.000Z","saldo":19900.0,"limiteCartao":1000.0,"transacoes":[{"descricao":"Transferência recebida de rafael@gmail.com","valor":1000.0},{"descricao":"Transferência recebida de rafael@gmail.com","valor":10000.0},{"descricao":"Transferência recebida de rafael@gmail.com","valor":8900.0}]}]